S.N.,Date,Index,Absolute Change,Percentage Change
1,2019/05/28,"1,305.49",2.53,0.1945%
2,2019/05/27,"1,302.96",0.34,0.0262%
3,2019/05/26,"1,302.61",-11.93,-0.9077%
4,2019/05/23,"1,314.55",-5.08,-0.3853%
5,2019/05/22,"1,319.63",7.49,0.571%
6,2019/05/21,"1,312.14",4.42,0.3383%
7,2019/05/20,"1,307.71",-9.13,-0.693%
8,2019/05/19,"1,316.84",-1.87,-0.1419%
9,2019/05/16,"1,318.71",-2.29,-0.1735%
10,2019/05/15,"1,321.00",5.55,0.4218%
11,2019/05/14,"1,315.45",14.12,1.0849%
12,2019/05/13,"1,301.34",6.30,0.4867%
13,2019/05/12,"1,295.03",3.07,0.2376%
14,2019/05/09,"1,291.96",-5.64,-0.4343%
15,2019/05/08,"1,297.60",-3.68,-0.2825%
16,2019/05/07,"1,301.28",1.87,0.144%
17,2019/05/06,"1,299.41",21.73,1.7006%
18,2019/05/05,"1,277.68",-16.71,-1.2913%
19,2019/05/02,"1,294.39",-4.21,-0.3243%
20,2019/04/30,"1,298.60",-11.70,-0.8932%
21,2019/04/29,"1,310.31",-4.21,-0.3201%
22,2019/04/28,"1,314.51",22.39,1.7331%
23,2019/04/25,"1,292.12",12.83,1.003%
24,2019/04/24,"1,279.29",19.14,1.5188%
25,2019/04/23,"1,260.68",3.74,0.2977%
26,2019/04/22,"1,256.94",-7.26,-0.5742%
27,2019/04/21,"1,264.20",31.89,2.5878%
28,2019/04/18,"1,232.26",15.22,1.2504%
29,2019/04/17,"1,217.04",4.99,0.4119%
30,2019/04/16,"1,212.05",23.33,1.963%
31,2019/04/15,"1,188.71",4.70,0.3968%
32,2019/04/11,"1,184.02",-0.59,-0.0501%
33,2019/04/10,"1,184.61",3.52,0.2976%
34,2019/04/09,"1,181.10",-10.58,-0.8882%
35,2019/04/08,"1,191.68",9.32,0.7882%
36,2019/04/07,"1,182.36",17.16,1.4727%
37,2019/04/04,"1,165.20",-0.64,-0.0546%
38,2019/04/03,"1,165.84",2.01,0.1729%
39,2019/04/02,"1,163.47",13.72,1.1932%
40,2019/04/01,"1,149.99",6.43,0.5625%
41,2019/03/31,"1,143.59",-0.91,-0.0794%
42,2019/03/28,"1,144.53",2.01,0.1756%
43,2019/03/27,"1,140.71",0.00,-0.0003%
44,2019/03/26,"1,140.72",2.07,0.1817%
45,2019/03/25,"1,138.67",3.87,0.3414%
46,2019/03/24,"1,134.80",-5.78,-0.5063%
47,2019/03/21,"1,140.60",-6.86,-0.5982%
48,2019/03/19,"1,147.15",-6.83,-0.5915%
49,2019/03/18,"1,153.98",-7.47,-0.6433%
50,2019/03/17,"1,161.45",5.99,0.518%
51,2019/03/14,"1,155.50",5.40,0.4699%
52,2019/03/13,"1,150.10",-13.16,-1.1315%
53,2019/03/12,"1,163.26",20.33,1.7785%
54,2019/03/11,"1,142.93",14.28,1.2648%
55,2019/03/10,"1,128.71",0.94,0.0829%
56,2019/03/07,"1,127.77",16.01,1.4401%
57,2019/03/06,"1,111.76",9.12,0.8272%
58,2019/03/05,"1,102.64",2.06,0.1873%
59,2019/03/03,"1,100.58",-4.95,-0.4476%
60,2019/02/27,"1,105.53",2.97,0.2694%
61,2019/02/26,"1,102.56",-7.17,-0.6463%
62,2019/02/25,"1,109.73",7.41,0.6719%
63,2019/02/24,"1,102.32",-10.75,-0.9654%
64,2019/02/21,"1,113.07",0.84,0.0752%
65,2019/02/20,"1,112.23",-12.72,-1.1311%
66,2019/02/19,"1,124.96",22.44,2.0355%
67,2019/02/18,"1,102.51",-7.21,-0.6493%
68,2019/02/17,"1,109.72",-3.15,-0.2832%
69,2019/02/14,"1,112.87",-8.21,-0.7322%
70,2019/02/13,"1,121.08",-7.11,-0.6304%
71,2019/02/12,"1,128.19",-0.67,-0.0595%
72,2019/02/11,"1,128.86",1.34,0.1185%
73,2019/02/10,"1,127.53",-12.05,-1.0571%
74,2019/02/07,"1,139.57",-0.15,-0.0131%
75,2019/02/06,"1,139.72",-7.38,-0.6432%
76,2019/02/05,"1,147.10",2.83,0.2475%
77,2019/02/04,"1,144.27",-8.85,-0.7679%
78,2019/02/03,"1,153.06",-8.57,-0.7374%
79,2019/01/31,"1,161.63",1.04,0.0892%
80,2019/01/30,"1,160.59",-0.40,-0.0345%
81,2019/01/29,"1,160.99",-3.89,-0.3343%
82,2019/01/28,"1,164.89",2.79,0.2404%
83,2019/01/27,"1,162.09",-10.68,-0.911%
84,2019/01/24,"1,172.78",-0.20,-0.0174%
85,2019/01/23,"1,172.98",4.15,0.3548%
86,2019/01/22,"1,168.83",0.78,0.0666%
87,2019/01/21,"1,168.06",-10.86,-0.9215%
88,2019/01/20,"1,179.17",-8.60,-0.7237%
89,2019/01/17,"1,187.77",-0.20,-0.0169%
90,2019/01/16,"1,187.97",-7.57,-0.6331%
91,2019/01/15,"1,195.54",17.51,1.4863%
92,2019/01/14,"1,186.80",11.74,0.9993%
93,2019/01/13,"1,175.05",-5.78,-0.4898%
94,2019/01/10,"1,180.84",1.48,0.1255%
95,2019/01/09,"1,179.36",2.29,0.1947%
96,2019/01/08,"1,177.07",-0.40,-0.0339%
97,2019/01/07,"1,177.46",6.67,0.57%
98,2019/01/06,"1,170.79",-7.22,-0.6129%
99,2019/01/03,"1,178.87",-1.56,-0.132%
100,2019/01/02,"1,180.43",-5.42,-0.4573%
101,2019/01/01,"1,185.91",-1.36,-0.115%
102,2018/12/31,"1,187.28",-17.26,-1.4331%
103,2018/12/30,"1,204.54",-10.62,-0.8736%
104,2018/12/26,"1,216.27",30.26,2.5517%
105,2018/12/25,"1,186.03",-5.71,-0.4788%
106,2018/12/24,"1,191.74",-6.45,-0.5379%
107,2018/12/23,"1,198.18",32.24,2.7652%
108,2018/12/20,"1,165.97",3.28,0.2818%
109,2018/12/19,"1,162.70",-5.46,-0.4673%
110,2018/12/18,"1,168.17",-14.61,-1.2351%
111,2018/12/17,"1,182.78",15.17,1.2994%
112,2018/12/16,"1,167.67",18.89,1.6443%
113,2018/12/13,"1,148.78",7.60,0.6662%
114,2018/12/12,"1,141.18",0.08,0.0066%
115,2018/12/11,"1,141.10",-3.08,-0.2695%
116,2018/12/10,"1,144.19",12.49,1.1037%
117,2018/12/09,"1,131.70",10.85,0.6777%
118,2018/12/06,"1,120.84",2.70,0.2419%
119,2018/12/04,"1,142.01",10.27,0.9072%
120,2018/12/03,"1,131.73",0.90,0.0792%
121,2018/12/02,"1,130.63",-17.73,-1.544%
122,2018/11/29,"1,148.70",-10.37,-0.8949%
123,2018/11/28,"1,159.38",-2.10,-0.1812%
124,2018/11/27,"1,161.43",1.61,0.1385%
125,2018/11/26,"1,160.28",-6.35,-0.5441%
126,2018/11/25,"1,166.43",-14.82,-1.2543%
127,2018/11/22,"1,181.41",-1.14,-0.0964%
128,2018/11/21,"1,182.74",1.00,0.0844%
129,2018/11/20,"1,181.66",-8.54,-0.7179%
130,2018/11/19,"1,189.56",-5.90,-0.4934%
131,2018/11/18,"1,194.87",-10.14,-0.8416%
132,2018/11/15,"1,205.02",-3.88,-0.32%
133,2018/11/14,"1,208.89",1.32,0.11%
134,2018/11/13,"1,207.57",14.24,1.19%
135,2018/11/12,"1,193.34",-12.44,-1.03%
136,2018/11/11,"1,205.22",-17.31,-1.4158%
137,2018/11/06,"1,222.53",3.33,0.27%
138,2018/11/05,"1,219.20",11.92,0.99%
139,2018/11/04,"1,207.28",-13.70,-1.12%
140,2018/11/01,"1,220.98",-0.48,-0.04%
141,2018/10/31,"1,221.46",-2.90,-0.24%
142,2018/10/30,"1,224.36",7.43,0.61%
143,2018/10/29,"1,216.93",-10.56,-0.86%
144,2018/10/28,"1,227.49",-13.62,-1.1%
145,2018/10/25,"1,241.11",-8.82,-0.7056%
146,2018/10/24,"1,249.93",8.09,0.65%
147,2018/10/23,"1,241.84",-2.70,-0.2169%
148,2018/10/22,"1,244.54",-1.98,-0.1588%
149,2018/10/21,"1,246.52",4.89,0.39%
150,2018/10/15,"1,241.63",-0.80,-0.06%
151,2018/10/14,"1,242.43",14.15,1.15%
152,2018/10/11,"1,228.28",9.95,0.82%
153,2018/10/10,"1,218.33",0.40,0.03%
154,2018/10/09,"1,217.93",-2.59,-0.21%
155,2018/10/08,"1,220.52",6.16,0.51%
156,2018/10/07,"1,214.36",-13.01,-1.06%
157,2018/10/04,"1,227.37",-3.23,-0.26%
158,2018/10/03,"1,230.60",-10.76,-0.87%
159,2018/10/02,"1,241.36",2.69,0.22%
160,2018/10/01,"1,238.67",-18.04,-1.4355%
161,2018/09/30,"1,256.71",-10.47,-0.8262%
162,2018/09/27,"1,267.18",-10.56,-0.83%
163,2018/09/26,"1,277.74",-2.31,-0.18%
164,2018/09/25,"1,280.05",22.37,1.7787%
165,2018/09/23,"1,257.68",2.61,0.21%
166,2018/09/20,"1,255.07",-3.74,-0.2971%
167,2018/09/18,"1,258.81",2.41,0.1918%
168,2018/09/17,"1,256.40",-0.13,-0.01%
169,2018/09/16,"1,256.53",11.69,0.94%
170,2018/09/13,"1,244.84",14.13,1.15%
171,2018/09/12,"1,230.71",13.06,1.07%
172,2018/09/11,"1,217.65",6.77,0.56%
173,2018/09/10,"1,210.88",-8.10,-0.66%
174,2018/09/09,"1,218.98",-10.79,-0.88%
175,2018/09/06,"1,229.77",-4.36,-0.35%
176,2018/09/05,"1,234.13",23.89,1.97%
177,2018/09/04,"1,210.24",3.98,0.33%
178,2018/09/03,"1,206.26",15.98,1.34%
179,2018/09/02,"1,190.28",8.59,0.73%
180,2018/08/30,"1,181.69",9.39,0.801%
181,2018/08/29,"1,172.30",-4.79,-0.4069%
182,2018/08/28,"1,177.09",1.37,0.1165%
183,2018/08/26,"1,175.72",-2.78,-0.24%
184,2018/08/23,"1,178.50",-3.92,-0.3315%
185,2018/08/22,"1,182.42",-1.47,-0.1242%
186,2018/08/21,"1,183.89",-4.18,-0.35%
187,2018/08/20,"1,188.07",-8.22,-0.6871%
188,2018/08/19,"1,196.29",-14.03,-1.16%
189,2018/08/16,"1,210.32",0.61,0.05%
190,2018/08/15,"1,209.71",28.73,2.43%
191,2018/08/14,"1,180.98",6.61,0.56%
192,2018/08/13,"1,174.37",10.43,0.9%
193,2018/08/12,"1,163.94",-16.69,-1.41%
194,2018/08/09,"1,180.63",-6.69,-0.56%
195,2018/08/08,"1,187.32",-0.89,-0.07%
196,2018/08/07,"1,188.21",-1.46,-0.12%
197,2018/08/06,"1,189.67",-0.21,-0.02%
198,2018/08/05,"1,189.88",-1.43,-0.12%
199,2018/08/02,"1,191.31",-2.56,-0.21%
200,2018/08/01,"1,193.87",2.40,0.2%
201,2018/07/31,"1,191.47",-2.91,-0.24%
202,2018/07/30,"1,194.38",-0.44,-0.04%
203,2018/07/29,"1,194.82",3.62,0.3%
204,2018/07/26,"1,191.20",-3.15,-0.26%
205,2018/07/25,"1,194.35",-4.92,-0.41%
206,2018/07/24,"1,199.27",4.77,0.4%
207,2018/07/23,"1,194.50",12.84,1.0866%
208,2018/07/22,"1,181.66",-11.73,-0.98%
209,2018/07/19,"1,193.39",-5.38,-0.4488%
210,2018/07/18,"1,198.75",-5.56,-0.46%
211,2018/07/17,"1,204.31",-8.05,-0.66%
212,2018/07/16,"1,212.36",12.27,1.02%
213,2018/07/15,"1,200.09",8.11,0.68%
214,2018/07/12,"1,191.98",-13.66,-1.133%
215,2018/07/11,"1,205.64",-0.29,-0.02%
216,2018/07/10,"1,205.93",-0.50,-0.04%
217,2018/07/09,"1,206.43",-17.96,-1.47%
218,2018/07/08,"1,224.39",-0.02,0%
219,2018/07/05,"1,224.41",36.01,3.03%
220,2018/07/04,"1,188.40",8.04,0.68%
221,2018/07/03,"1,180.36",0.65,0.06%
222,2018/07/02,"1,179.71",-4.82,-0.41%
223,2018/07/01,"1,184.53",-14.01,-1.17%
224,2018/06/28,"1,198.54",-0.88,-0.07%
225,2018/06/27,"1,199.42",4.62,0.39%
226,2018/06/26,"1,194.80",-15.29,-1.26%
227,2018/06/25,"1,210.09",-9.72,-0.8%
228,2018/06/24,"1,219.81",1.35,0.1108%
229,2018/06/21,"1,218.46",0.62,0.05%
230,2018/06/20,"1,217.84",-8.34,-0.68%
231,2018/06/19,"1,226.18",-8.97,-0.73%
232,2018/06/18,"1,235.15",1.92,0.16%
233,2018/06/17,"1,233.23",-14.07,-1.13%
234,2018/06/14,"1,247.30",5.23,0.42%
235,2018/06/13,"1,242.07",2.81,0.23%
236,2018/06/12,"1,239.26",-1.93,-0.16%
237,2018/06/11,"1,241.19",9.55,0.78%
238,2018/06/10,"1,231.64",-25.43,-2.023%
239,2018/06/07,"1,257.07",-25.68,-2%
240,2018/06/06,"1,282.75",13.91,1.1%
241,2018/06/04,"1,268.84",-5.11,-0.4011%
242,2018/06/03,"1,273.95",-33.71,-2.58%
243,2018/05/31,"1,307.66",-14.61,-1.1%
244,2018/05/30,"1,322.27",-4.94,-0.37%
245,2018/05/29,"1,327.21",-9.18,-0.69%
246,2018/05/28,"1,336.39",35.98,2.77%
247,2018/05/27,"1,300.41",-17.81,-1.35%
248,2018/05/24,"1,318.22",-10.05,-0.7566%
249,2018/05/23,"1,328.27",-4.55,-0.34%
250,2018/05/22,"1,332.82",-4.31,-0.32%
251,2018/05/21,"1,337.13",-2.06,-0.15%
252,2018/05/20,"1,339.19",-0.46,-0.03%
253,2018/05/17,"1,339.65",1.64,0.12%
254,2018/05/16,"1,338.01",4.16,0.31%
255,2018/05/15,"1,333.85",-4.32,-0.32%
256,2018/05/14,"1,338.17",-10.28,-0.76%
257,2018/05/10,"1,348.45",-7.70,-0.57%
258,2018/05/09,"1,356.15",-4.87,-0.3578%
259,2018/05/08,"1,361.02",15.65,1.16%
260,2018/05/07,"1,345.37",-8.27,-0.6109%
261,2018/05/06,"1,353.64",-12.51,-0.92%
262,2018/05/03,"1,366.15",5.77,0.42%
263,2018/05/02,"1,360.38",11.37,0.84%
264,2018/04/29,"1,349.01",-8.21,-0.6049%
265,2018/04/26,"1,357.22",-29.25,-2.1097%
266,2018/04/25,"1,386.47",-8.39,-0.6%
267,2018/04/24,"1,394.86",-15.99,-1.13%
268,2018/04/23,"1,410.85",-27.64,-1.92%
269,2018/04/22,"1,438.49",50.18,3.61%
270,2018/04/19,"1,388.31",25.30,1.86%
271,2018/04/18,"1,363.01",31.83,2.39%
272,2018/04/17,"1,331.18",33.61,2.59%
273,2018/04/16,"1,297.57",17.42,1.3608%
274,2018/04/15,"1,280.15",2.60,0.2035%
275,2018/04/12,"1,277.55",4.22,0.3314%
276,2018/04/11,"1,273.33",3.10,0.2441%
277,2018/04/10,"1,270.23",-17.55,-1.3628%
278,2018/04/09,"1,287.78",-6.87,-0.5306%
279,2018/04/08,"1,294.65",44.26,3.5397%
280,2018/04/05,"1,250.39",23.94,1.952%
281,2018/04/04,"1,226.45",27.45,2.2894%
282,2018/04/03,"1,199.00",6.04,0.5063%
283,2018/04/02,"1,192.96",-3.28,-0.2742%
284,2018/04/01,"1,196.24",-24.05,-1.9708%
285,2018/03/29,"1,220.29",15.48,1.28%
286,2018/03/28,"1,204.81",-2.90,-0.2401%
287,2018/03/27,"1,207.71",39.16,3.35%
288,2018/03/26,"1,168.55",-51.89,-4.25%
289,2018/03/22,"1,220.44",-10.63,-0.86%
290,2018/03/21,"1,231.07",-24.40,-1.94%
291,2018/03/20,"1,255.47",-15.05,-1.18%
292,2018/03/19,"1,270.52",-8.44,-0.66%
293,2018/03/18,"1,278.96",-9.40,-0.73%
294,2018/03/15,"1,288.36",2.40,0.19%
295,2018/03/14,"1,285.96",4.06,0.3167%
296,2018/03/13,"1,281.90",4.89,0.38%
297,2018/03/12,"1,277.01",-7.08,-0.55%
298,2018/03/11,"1,284.09",-31.04,-2.36%
299,2018/03/07,"1,315.13",18.69,1.44%
300,2018/03/06,"1,296.44",8.70,0.68%
301,2018/03/05,"1,287.74",-16.69,-1.2795%
302,2018/03/04,"1,304.43",-41.56,-3.09%
303,2018/02/28,"1,345.99",-18.82,-1.38%
304,2018/02/27,"1,364.81",5.86,0.43%
305,2018/02/26,"1,358.95",-15.78,-1.15%
306,2018/02/25,"1,374.73",-12.25,-0.88%
307,2018/02/22,"1,386.98",-0.10,-0.01%
308,2018/02/21,"1,387.08",-9.64,-0.69%
309,2018/02/20,"1,396.72",-17.18,-1.2151%
310,2018/02/18,"1,413.89",-11.06,-0.78%
311,2018/02/15,"1,424.95",36.01,2.5926%
312,2018/02/14,"1,388.94",8.65,0.63%
313,2018/02/12,"1,380.29",-4.42,-0.3192%
314,2018/02/11,"1,384.71",-6.32,-0.45%
315,2018/02/08,"1,391.03",9.01,0.6519%
316,2018/02/07,"1,382.02",-12.01,-0.8615%
317,2018/02/06,"1,394.03",-6.02,-0.43%
318,2018/02/05,"1,400.05",-10.46,-0.74%
319,2018/02/04,"1,410.51",-1.01,-0.07%
320,2018/02/01,"1,411.52",7.03,0.5005%
321,2018/01/31,"1,404.49",2.26,0.16%
322,2018/01/29,"1,402.23",-3.72,-0.26%
323,2018/01/28,"1,405.95",1.42,0.1011%
324,2018/01/25,"1,404.53",9.80,0.7026%
325,2018/01/24,"1,394.73",1.69,0.1213%
326,2018/01/23,"1,393.04",-9.05,-0.65%
327,2018/01/22,"1,402.09",-0.58,-0.04%
328,2018/01/21,"1,402.67",-3.85,-0.2737%
329,2018/01/17,"1,406.52",-7.19,-0.5086%
330,2018/01/16,"1,413.71",-17.39,-1.22%
331,2018/01/14,"1,431.10",-9.19,-0.6381%
332,2018/01/10,"1,440.29",-15.78,-1.0837%
333,2018/01/09,"1,456.07",12.27,0.85%
334,2018/01/08,"1,443.80",12.00,0.8381%
335,2018/01/07,"1,431.80",7.97,0.56%
336,2018/01/04,"1,423.83",7.22,0.5097%
337,2018/01/03,"1,416.61",-20.63,-1.4354%
338,2018/01/02,"1,437.24",2.44,0.17%
339,2018/01/01,"1,434.80",44.22,3.18%
340,2017/12/31,"1,390.58",-24.20,-1.71%
341,2017/12/28,"1,414.78",-10.73,-0.75%
342,2017/12/27,"1,425.51",-21.53,-1.4879%
343,2017/12/26,"1,447.04",-20.64,-1.4063%
344,2017/12/24,"1,467.68",-4.47,-0.3036%
345,2017/12/21,"1,472.15",-12.32,-0.8299%
346,2017/12/20,"1,484.47",-9.29,-0.62%
347,2017/12/19,"1,493.76",-14.49,-0.9607%
348,2017/12/18,"1,508.25",-0.89,-0.059%
349,2017/12/17,"1,509.14",-11.01,-0.7243%
350,2017/12/14,"1,518.03",-2.71,-0.1782%
351,2017/12/13,"1,520.74",10.53,0.7%
352,2017/12/12,"1,510.21",-17.54,-1.1481%
353,2017/12/11,"1,527.75",-2.74,-0.179%
354,2017/12/10,"1,530.49",-6.05,-0.3937%
355,2017/12/06,"1,536.54",11.67,0.7653%
356,2017/12/05,"1,524.87",-1.90,-0.1244%
357,2017/12/04,"1,526.77",-10.90,-0.7089%
358,2017/11/30,"1,537.67",1.55,0.1%
359,2017/11/29,"1,536.12",12.26,0.8%
360,2017/11/28,"1,523.86",10.12,0.6685%
361,2017/11/27,"1,513.74",-0.60,-0.0396%
362,2017/11/26,"1,514.34",21.05,1.41%
363,2017/11/23,"1,493.29",13.03,0.88%
364,2017/11/22,"1,480.26",8.02,0.5447%
365,2017/11/21,"1,472.24",3.08,0.2096%
366,2017/11/20,"1,469.16",-6.56,-0.4445%
367,2017/11/19,"1,475.72",-13.34,-0.9%
368,2017/11/16,"1,489.06",-15.73,-1.0453%
369,2017/11/15,"1,504.79",-11.23,-0.7408%
370,2017/11/14,"1,516.02",25.14,1.6863%
371,2017/11/13,"1,490.88",13.74,0.9302%
372,2017/11/12,"1,477.14",16.41,1.12%
373,2017/11/09,"1,460.73",-5.89,-0.4016%
374,2017/11/08,"1,466.62",-17.83,-1.2011%
375,2017/11/07,"1,484.45",-8.97,-0.6006%
376,2017/11/06,"1,493.42",-3.04,-0.2%
377,2017/11/05,"1,496.46",-26.35,-1.7304%
378,2017/11/02,"1,522.81",-3.70,-0.2424%
379,2017/11/01,"1,526.51",-7.02,-0.4578%
380,2017/10/31,"1,533.53",-3.19,-0.2076%
381,2017/10/30,"1,536.72",-3.51,-0.2279%
382,2017/10/29,"1,540.23",-13.49,-0.87%
383,2017/10/25,"1,553.72",-13.92,-0.888%
384,2017/10/24,"1,567.64",-0.66,-0.04%
385,2017/10/23,"1,568.30",-3.62,-0.23%
386,2017/10/22,"1,571.92",3.57,0.2276%
387,2017/10/18,"1,568.35",9.17,0.5881%
388,2017/10/17,"1,559.18",-5.72,-0.3655%
389,2017/10/16,"1,564.90",46.62,3.0706%
390,2017/10/15,"1,518.28",8.26,0.547%
391,2017/10/12,"1,510.02",4.03,0.2676%
392,2017/10/11,"1,505.99",3.36,0.2236%
393,2017/10/10,"1,502.63",0.74,0.0493%
394,2017/10/09,"1,501.89",-8.12,-0.5377%
395,2017/10/08,"1,510.01",-32.64,-2.1158%
396,2017/10/04,"1,542.65",-13.70,-0.88%
397,2017/10/03,"1,556.35",6.89,0.4447%
398,2017/09/26,"1,549.46",4.02,0.2601%
399,2017/09/25,"1,545.44",8.52,0.5544%
400,2017/09/24,"1,536.92",-2.89,-0.1877%
401,2017/09/20,"1,539.81",-3.89,-0.252%
402,2017/09/18,"1,543.70",-4.24,-0.2739%
403,2017/09/17,"1,547.94",17.63,1.1521%
404,2017/09/14,"1,530.31",37.11,2.4853%
405,2017/09/13,"1,493.20",-9.00,-0.5991%
406,2017/09/12,"1,502.20",-21.06,-1.3826%
407,2017/09/11,"1,523.26",3.60,0.2369%
408,2017/09/10,"1,519.66",-34.89,-2.2444%
409,2017/09/07,"1,554.55",-11.95,-0.7628%
410,2017/09/06,"1,566.50",11.94,0.7681%
411,2017/09/04,"1,554.56",-25.47,-1.612%
412,2017/08/31,"1,580.03",-18.33,-1.15%
413,2017/08/30,"1,598.36",-14.55,-0.9%
414,2017/08/28,"1,612.91",-9.41,-0.58%
415,2017/08/27,"1,622.32",4.51,0.28%
416,2017/08/24,"1,617.81",6.54,0.41%
417,2017/08/23,"1,611.27",-2.78,-0.1722%
418,2017/08/22,"1,614.05",2.48,0.1539%
419,2017/08/21,"1,611.57",-6.40,-0.3956%
420,2017/08/20,"1,617.97",-11.78,-0.7228%
421,2017/08/17,"1,629.75",-2.91,-0.1782%
422,2017/08/16,"1,632.66",3.50,0.2148%
423,2017/08/15,"1,629.16",-12.97,-0.7898%
424,2017/08/13,"1,642.13",-11.40,-0.6894%
425,2017/08/10,"1,653.53",-8.19,-0.4929%
426,2017/08/09,"1,661.72",-6.22,-0.3729%
427,2017/08/07,"1,667.94",2.89,0.17%
428,2017/08/06,"1,665.05",4.47,0.2692%
429,2017/08/03,"1,660.58",-2.16,-0.13%
430,2017/08/02,"1,662.74",2.49,0.15%
431,2017/08/01,"1,660.25",7.56,0.4574%
432,2017/07/31,"1,652.69",9.41,0.5726%
433,2017/07/30,"1,643.28",-3.25,-0.2%
434,2017/07/27,"1,646.53",1.50,0.0912%
435,2017/07/26,"1,645.03",8.84,0.5403%
436,2017/07/25,"1,636.19",7.11,0.4364%
437,2017/07/24,"1,629.08",-6.48,-0.3962%
438,2017/07/23,"1,635.56",-0.19,-0.0116%
439,2017/07/20,"1,635.75",-1.52,-0.0928%
440,2017/07/19,"1,637.27",-1.14,-0.0696%
441,2017/07/18,"1,638.41",34.26,2.1357%
442,2017/07/17,"1,604.15",20.58,1.2996%
443,2017/07/16,"1,583.57",0.90,0.0569%
444,2017/07/13,"1,582.67",-4.89,-0.308%
445,2017/07/12,"1,587.56",2.55,0.1609%
446,2017/07/11,"1,585.01",9.79,0.6215%
447,2017/07/10,"1,575.22",-8.93,-0.5637%
448,2017/07/09,"1,584.15",2.04,0.13%
449,2017/07/06,"1,582.11",31.05,2.0019%
450,2017/07/05,"1,551.06",9.78,0.6345%
451,2017/07/04,"1,541.28",-3.01,-0.1949%
452,2017/07/03,"1,544.29",2.47,0.1602%
453,2017/07/02,"1,541.82",-21.99,-1.4062%
454,2017/06/28,"1,563.81",-1.28,-0.0818%
455,2017/06/27,"1,565.09",-2.63,-0.1678%
456,2017/06/25,"1,567.72",8.23,0.5277%
457,2017/06/22,"1,559.49",4.80,0.3087%
458,2017/06/21,"1,554.69",3.62,0.2334%
459,2017/06/20,"1,551.07",-4.09,-0.263%
460,2017/06/19,"1,555.16",-20.82,-1.3211%
461,2017/06/18,"1,575.98",-13.61,-0.8562%
462,2017/06/15,"1,589.59",5.10,0.3219%
463,2017/06/14,"1,584.49",-0.66,-0.0416%
464,2017/06/13,"1,585.15",4.63,0.2929%
465,2017/06/12,"1,580.52",-9.97,-0.6269%
466,2017/06/11,"1,590.49",-24.70,-1.5292%
467,2017/06/08,"1,615.19",-7.94,-0.4892%
468,2017/06/07,"1,623.13",-14.24,-0.8697%
469,2017/06/06,"1,637.37",34.72,2.1664%
470,2017/06/05,"1,602.65",8.84,0.5546%
471,2017/06/04,"1,593.81",-10.50,-0.6545%
472,2017/06/01,"1,604.31",-3.80,-0.2363%
473,2017/05/31,"1,608.11",13.68,0.86%
474,2017/05/30,"1,594.43",-21.15,-1.3091%
475,2017/05/28,"1,615.58",-14.00,-0.8591%
476,2017/05/24,"1,629.58",3.07,0.19%
477,2017/05/23,"1,626.51",10.11,0.6255%
478,2017/05/22,"1,616.40",-10.84,-0.6662%
479,2017/05/21,"1,627.24",-16.63,-1.0116%
480,2017/05/18,"1,643.87",-0.39,-0.02%
481,2017/05/17,"1,644.26",-4.98,-0.302%
482,2017/05/16,"1,649.24",-9.99,-0.6021%
483,2017/05/15,"1,659.23",0.65,0.0392%
484,2017/05/11,"1,658.58",7.77,0.4707%
485,2017/05/09,"1,650.81",13.51,0.8251%
486,2017/05/08,"1,637.30",8.32,0.5107%
487,2017/05/07,"1,628.98",-24.20,-1.4639%
488,2017/05/04,"1,653.18",-9.20,-0.5534%
489,2017/05/03,"1,662.38",4.05,0.2442%
490,2017/05/02,"1,658.33",7.55,0.4574%
491,2017/04/30,"1,650.78",-19.84,-1.1876%
492,2017/04/27,"1,670.62",0.32,0.0192%
493,2017/04/26,"1,670.30",-2.08,-0.1244%
494,2017/04/25,"1,672.38",-3.40,-0.2029%
495,2017/04/24,"1,675.78",-17.94,-1.0592%
496,2017/04/23,"1,693.72",35.38,2.13%
497,2017/04/20,"1,658.34",-3.68,-0.2214%
498,2017/04/19,"1,662.02",49.98,3.1004%
499,2017/04/18,"1,612.04",-39.57,-2.4%
500,2017/04/16,"1,651.61",-45.52,-2.6822%
501,2017/04/13,"1,697.13",-5.94,-0.3488%
502,2017/04/12,"1,703.07",-6.75,-0.3948%
503,2017/04/11,"1,709.82",33.60,2.0045%
504,2017/04/10,"1,676.22",24.62,1.4907%
505,2017/04/09,"1,651.60",0.56,0.0339%
506,2017/04/06,"1,651.04",-5.98,-0.36%
507,2017/04/04,"1,657.02",-3.50,-0.21%
508,2017/04/03,"1,660.52",-6.59,-0.3953%
509,2017/04/02,"1,667.11",79.47,5.0055%
510,2017/03/30,"1,587.64",-0.65,-0.04%
511,2017/03/29,"1,588.29",-22.33,-1.39%
512,2017/03/28,"1,610.62",76.79,5.01%
513,2017/03/26,"1,533.83",47.79,3.2159%
514,2017/03/23,"1,486.04",4.96,0.3349%
515,2017/03/22,"1,481.08",18.85,1.2891%
516,2017/03/21,"1,462.23",37.85,2.6573%
517,2017/03/20,"1,424.38",42.19,3.0524%
518,2017/03/19,"1,382.19",24.85,1.83%
519,2017/03/16,"1,357.34",1.21,0.0892%
520,2017/03/15,"1,356.13",9.04,0.6711%
521,2017/03/14,"1,347.09",-8.14,-0.6006%
522,2017/03/13,"1,355.23",7.70,0.5714%
523,2017/03/09,"1,347.53",5.97,0.445%
524,2017/03/07,"1,341.56",-16.85,-1.2404%
525,2017/03/02,"1,329.41",12.61,0.9576%
526,2017/03/01,"1,316.80",17.51,1.3477%
527,2017/02/28,"1,299.29",-13.72,-1.0449%
528,2017/02/26,"1,313.01",-24.45,-1.8281%
529,2017/02/23,"1,337.46",-6.65,-0.4948%
530,2017/02/22,"1,344.11",-13.46,-0.9915%
531,2017/02/21,"1,357.57",-7.54,-0.5523%
532,2017/02/20,"1,365.11",-4.24,-0.31%
533,2017/02/19,"1,369.35",25.50,1.8975%
534,2017/02/16,"1,343.85",27.05,2.0542%
535,2017/02/15,"1,316.80",41.83,3.28%
536,2017/02/14,"1,274.97",-4.01,-0.3135%
537,2017/02/13,"1,278.98",26.48,2.1142%
538,2017/02/12,"1,252.50",-43.73,-3.3736%
539,2017/02/09,"1,296.23",-26.75,-2.022%
540,2017/02/08,"1,322.98",-21.62,-1.6079%
541,2017/02/07,"1,344.60",-4.24,-0.3143%
542,2017/02/06,"1,348.84",-15.66,-1.1477%
543,2017/02/05,"1,364.50",-17.95,-1.2984%
544,2017/02/02,"1,382.45",-7.38,-0.531%
545,2017/02/01,"1,389.83",63.23,4.7663%
546,2017/01/31,"1,326.60",16.90,1.2904%
547,2017/01/30,"1,309.70",-65.44,-4.76%
548,2017/01/26,"1,375.14",-21.47,-1.5373%
549,2017/01/25,"1,396.61",-36.38,-2.5388%
550,2017/01/24,"1,432.99",-24.89,-1.7073%
551,2017/01/23,"1,457.88",-7.96,-0.543%
552,2017/01/22,"1,465.84",3.28,0.2243%
553,2017/01/19,"1,462.56",0.33,0.0226%
554,2017/01/18,"1,462.23",-0.81,-0.0554%
555,2017/01/17,"1,463.04",-3.05,-0.208%
556,2017/01/16,"1,466.09",-11.63,-0.787%
557,2017/01/15,"1,477.72",-2.14,-0.1446%
558,2017/01/12,"1,479.86",3.35,0.2269%
559,2017/01/11,"1,476.51",-0.39,-0.0264%
560,2017/01/10,"1,476.90",17.93,1.229%
561,2017/01/09,"1,458.97",11.52,0.7959%
562,2017/01/08,"1,447.45",-6.69,-0.4601%
563,2017/01/05,"1,454.14",-3.68,-0.2524%
564,2017/01/04,"1,457.82",1.00,0.0686%
565,2017/01/03,"1,456.82",-26.03,-1.7554%
566,2017/01/02,"1,482.85",17.13,1.1687%
567,2017/01/01,"1,465.72",22.34,1.5478%
568,2016/12/29,"1,443.38",30.23,2.1392%
569,2016/12/28,"1,413.15",5.62,0.4%
570,2016/12/27,"1,407.53",-25.04,-1.7479%
571,2016/12/26,"1,432.57",-42.84,-2.9036%
572,2016/12/22,"1,475.41",4.78,0.325%
573,2016/12/21,"1,470.63",-25.36,-1.6952%
574,2016/12/20,"1,495.99",-18.89,-1.247%
575,2016/12/19,"1,514.88",-16.47,-1.08%
576,2016/12/18,"1,531.35",1.29,0.0843%
577,2016/12/15,"1,530.06",13.98,0.92%
578,2016/12/14,"1,516.08",6.65,0.4406%
579,2016/12/12,"1,509.43",-13.37,-0.878%
580,2016/12/11,"1,522.80",-21.88,-1.4165%
581,2016/12/08,"1,544.68",-9.22,-0.59%
582,2016/12/07,"1,553.90",-0.61,-0.0392%
583,2016/12/06,"1,554.51",9.91,0.64%
584,2016/12/05,"1,544.60",-26.35,-1.6773%
585,2016/12/04,"1,570.95",-29.54,-1.85%
586,2016/12/01,"1,600.49",-7.84,-0.49%
587,2016/11/30,"1,608.33",54.65,3.5175%
588,2016/11/29,"1,553.68",43.52,2.88%
589,2016/11/28,"1,510.16",40.68,2.77%
590,2016/11/27,"1,469.48",-64.55,-4.21%
591,2016/11/24,"1,534.03",-5.98,-0.3883%
592,2016/11/23,"1,540.01",-42.46,-2.68%
593,2016/11/22,"1,582.47",-23.82,-1.48%
594,2016/11/21,"1,606.29",6.67,0.42%
595,2016/11/20,"1,599.62",-58.46,-3.5258%
596,2016/11/17,"1,658.08",-40.82,-2.4%
597,2016/11/16,"1,698.90",-3.01,-0.18%
598,2016/11/15,"1,701.91",-4.37,-0.26%
599,2016/11/14,"1,706.28",6.28,0.37%
600,2016/11/13,"1,700.00",2.83,0.17%
601,2016/11/10,"1,697.17",0.31,0.02%
602,2016/11/09,"1,696.86",-27.63,-1.6%
603,2016/11/08,"1,724.49",-24.63,-1.41%
604,2016/11/07,"1,749.12",-13.09,-0.74%
605,2016/11/03,"1,762.21",2.50,0.14%
606,2016/10/27,"1,759.71",6.25,0.36%
607,2016/10/26,"1,753.46",2.46,0.14%
608,2016/10/25,"1,751.00",-17.89,-1.0114%
609,2016/10/24,"1,768.89",-13.50,-0.76%
610,2016/10/23,"1,782.39",-12.08,-0.67%
611,2016/10/20,"1,794.47",6.58,0.37%
612,2016/10/19,"1,787.89",-4.84,-0.27%
613,2016/10/18,"1,792.73",-0.63,-0.04%
614,2016/10/17,"1,793.36",-10.38,-0.58%
615,2016/10/16,"1,803.74",-16.14,-0.89%
616,2016/10/06,"1,819.88",13.28,0.74%
617,2016/10/05,"1,806.60",8.10,0.45%
618,2016/10/04,"1,798.50",18.10,1.02%
619,2016/10/03,"1,780.40",16.62,0.94%
620,2016/10/02,"1,763.78",10.40,0.59%
621,2016/09/29,"1,753.38",4.28,0.24%
622,2016/09/28,"1,749.10",-4.62,-0.26%
623,2016/09/27,"1,753.72",-3.38,-0.19%
624,2016/09/26,"1,757.10",26.46,1.53%
625,2016/09/25,"1,730.64",-36.27,-2.05%
626,2016/09/22,"1,766.91",-12.22,-0.69%
627,2016/09/21,"1,779.13",-7.37,-0.41%
628,2016/09/20,"1,786.50",-17.98,-1%
629,2016/09/18,"1,804.48",-10.69,-0.5889%
630,2016/09/14,"1,815.17",-3.52,-0.19%
631,2016/09/12,"1,818.69",1.88,0.1%
632,2016/09/11,"1,816.81",-6.24,-0.34%
633,2016/09/08,"1,823.05",-1.78,-0.1%
634,2016/09/07,"1,824.83",-9.97,-0.54%
635,2016/09/06,"1,834.80",-4.10,-0.22%
636,2016/09/05,"1,838.90",19.07,1.05%
637,2016/09/04,"1,819.83",14.65,0.8116%
638,2016/09/01,"1,805.18",7.73,0.43%
639,2016/08/31,"1,797.45",9.37,0.52%
640,2016/08/30,"1,788.08",21.54,1.22%
641,2016/08/29,"1,766.54",18.31,1.05%
642,2016/08/28,"1,748.23",17.61,1.02%
643,2016/08/24,"1,730.62",48.76,2.9%
644,2016/08/23,"1,681.86",-1.26,-0.07%
645,2016/08/22,"1,683.12",-39.31,-2.28%
646,2016/08/21,"1,722.43",-12.63,-0.73%
647,2016/08/17,"1,735.06",17.61,1.03%
648,2016/08/16,"1,717.45",22.64,1.34%
649,2016/08/15,"1,694.81",-39.12,-2.26%
650,2016/08/14,"1,733.93",-40.94,-2.31%
651,2016/08/11,"1,774.87",-4.70,-0.26%
652,2016/08/10,"1,777.06",16.64,0.9452%
653,2016/08/09,"1,760.42",84.51,5.0426%
654,2016/08/08,"1,675.91",-88.81,-5.0325%
655,2016/08/07,"1,764.72",-3.88,-0.22%
656,2016/08/04,"1,768.60",-45.12,-2.49%
657,2016/08/03,"1,813.72",-12.75,-0.7%
658,2016/08/02,"1,826.47",-18.94,-1.03%
659,2016/08/01,"1,845.41",-17.35,-0.93%
660,2016/07/31,"1,862.76",-15.17,-0.81%
661,2016/07/28,"1,877.93",-3.52,-0.19%
662,2016/07/27,"1,881.45",14.95,0.8%
663,2016/07/26,"1,866.50",28.01,1.52%
664,2016/07/25,"1,838.49",39.66,2.2048%
665,2016/07/21,"1,798.83",11.99,0.67%
666,2016/07/20,"1,786.84",-13.63,-0.76%
667,2016/07/19,"1,800.47",13.90,0.778%
668,2016/07/18,"1,786.57",40.83,2.34%
669,2016/07/17,"1,745.74",27.59,1.61%
670,2016/07/14,"1,718.15",27.72,1.64%
671,2016/07/13,"1,690.43",-2.64,-0.16%
672,2016/07/12,"1,693.07",-9.20,-0.54%
673,2016/07/11,"1,702.27",-20.26,-1.18%
674,2016/07/10,"1,722.53",6.81,0.4%
675,2016/07/06,"1,715.72",2.69,0.16%
676,2016/07/05,"1,713.21",-3.62,-0.21%
677,2016/07/04,"1,716.83",-2.37,-0.14%
678,2016/07/03,"1,719.20",-4.03,-0.23%
679,2016/06/30,"1,723.23",-1.36,-0.08%
680,2016/06/29,"1,724.59",0.40,0.02%
681,2016/06/28,"1,724.19",11.35,0.66%
682,2016/06/27,"1,712.84",27.67,1.64%
683,2016/06/26,"1,685.17",18.88,1.1331%
684,2016/06/23,"1,666.29",18.78,1.14%
685,2016/06/22,"1,647.51",18.70,1.15%
686,2016/06/21,"1,628.81",13.71,0.85%
687,2016/06/20,"1,615.10",-7.17,-0.44%
688,2016/06/19,"1,622.27",-10.67,-0.65%
689,2016/06/16,"1,632.94",12.47,0.7695%
690,2016/06/15,"1,620.47",6.32,0.39%
691,2016/06/14,"1,614.15",4.56,0.28%
692,2016/06/13,"1,609.59",11.63,0.73%
693,2016/06/12,"1,597.96",31.26,2%
694,2016/06/09,"1,566.70",19.90,1.2865%
695,2016/06/08,"1,546.80",15.31,1%
696,2016/06/07,"1,531.49",14.69,0.9685%
697,2016/06/06,"1,516.80",33.66,2.27%
698,2016/06/05,"1,483.14",-34.98,-2.3%
699,2016/06/02,"1,518.12",-5.44,-0.36%
700,2016/06/01,"1,523.56",-8.56,-0.56%
701,2016/05/31,"1,532.12",5.16,0.34%
702,2016/05/30,"1,526.96",4.71,0.31%
703,2016/05/29,"1,522.25",-2.84,-0.19%
704,2016/05/26,"1,525.09",0.97,0.0636%
705,2016/05/25,"1,524.12",-20.41,-1.3214%
706,2016/05/24,"1,544.53",20.46,1.34%
707,2016/05/23,"1,524.07",14.68,0.9726%
708,2016/05/22,"1,509.39",10.07,0.6716%
709,2016/05/19,"1,499.32",2.91,0.19%
710,2016/05/18,"1,496.41",12.73,0.86%
711,2016/05/17,"1,483.68",16.17,1.1%
712,2016/05/16,"1,467.51",-9.87,-0.67%
713,2016/05/15,"1,477.38",-4.56,-0.31%
714,2016/05/12,"1,481.94",0.76,0.05%
715,2016/05/11,"1,481.18",-2.86,-0.19%
716,2016/05/10,"1,484.04",1.14,0.0769%
717,2016/05/09,"1,482.90",10.21,0.6933%
718,2016/05/08,"1,472.69",9.56,0.65%
719,2016/05/05,"1,463.13",-4.98,-0.34%
720,2016/05/04,"1,468.11",-3.84,-0.26%
721,2016/05/03,"1,471.95",-2.52,-0.17%
722,2016/05/02,"1,474.47",9.56,0.65%
723,2016/04/28,"1,464.91",6.53,0.45%
724,2016/04/27,"1,458.38",5.27,0.36%
725,2016/04/26,"1,453.11",-8.64,-0.59%
726,2016/04/25,"1,461.75",7.40,0.51%
727,2016/04/24,"1,454.35",12.68,0.88%
728,2016/04/21,"1,441.67",0.98,0.07%
729,2016/04/20,"1,440.69",9.88,0.6905%
730,2016/04/19,"1,430.81",2.21,0.1547%
731,2016/04/18,"1,428.60",19.17,1.36%
732,2016/04/17,"1,409.43",3.65,0.2596%
733,2016/04/14,"1,405.78",17.15,1.24%
734,2016/04/12,"1,388.63",4.78,0.35%
735,2016/04/11,"1,383.85",1.43,0.1%
736,2016/04/10,"1,382.42",5.00,0.363%
737,2016/04/06,"1,377.42",2.16,0.16%
738,2016/04/05,"1,375.26",12.73,0.9343%
739,2016/04/04,"1,362.53",10.99,0.81%
740,2016/04/03,"1,351.54",-3.94,-0.29%
741,2016/03/31,"1,355.48",-7.50,-0.5503%
742,2016/03/30,"1,362.98",-7.06,-0.52%
743,2016/03/29,"1,370.04",-4.71,-0.34%
744,2016/03/28,"1,374.75",-2.58,-0.19%
745,2016/03/27,"1,377.33",20.19,1.49%
746,2016/03/24,"1,357.14",11.61,0.8629%
747,2016/03/23,"1,345.53",3.46,0.2578%
748,2016/03/21,"1,342.07",-1.86,-0.1384%
749,2016/03/20,"1,343.93",17.40,1.3117%
750,2016/03/17,"1,326.53",10.76,0.8178%
751,2016/03/16,"1,315.77",2.92,0.2224%
752,2016/03/15,"1,312.85",0.65,0.0495%
753,2016/03/14,"1,312.20",-6.68,-0.5065%
754,2016/03/13,"1,318.88",0.85,0.0645%
755,2016/03/10,"1,318.03",11.49,0.8794%
756,2016/03/06,"1,306.54",5.78,0.4444%
757,2016/03/03,"1,300.76",4.98,0.3843%
758,2016/03/02,"1,295.78",6.26,0.4855%
759,2016/03/01,"1,289.52",5.58,0.4346%
760,2016/02/29,"1,283.94",0.27,0.021%
761,2016/02/28,"1,283.67",0.15,0.0117%
762,2016/02/25,"1,283.52",3.62,0.2828%
763,2016/02/24,"1,279.90",-6.03,-0.4689%
764,2016/02/23,"1,285.93",-5.88,-0.46%
765,2016/02/22,"1,291.81",12.89,1.0079%
766,2016/02/21,"1,278.92",5.64,0.443%
767,2016/02/18,"1,273.28",7.20,0.5687%
768,2016/02/17,"1,266.08",8.74,0.6951%
769,2016/02/16,"1,257.34",-0.89,-0.0707%
770,2016/02/15,"1,258.23",-1.12,-0.0889%
771,2016/02/14,"1,259.35",-4.37,-0.3458%
772,2016/02/11,"1,263.72",-0.03,-0.0024%
773,2016/02/08,"1,263.75",0.93,0.0736%
774,2016/02/07,"1,262.82",11.40,0.911%
775,2016/02/04,"1,251.42",9.29,0.7479%
776,2016/02/03,"1,242.13",2.06,0.17%
777,2016/02/02,"1,240.07",2.05,0.17%
778,2016/02/01,"1,238.02",17.32,1.4189%
779,2016/01/31,"1,220.70",4.59,0.3774%
780,2016/01/28,"1,216.11",-0.85,-0.0698%
781,2016/01/27,"1,216.96",-1.43,-0.12%
782,2016/01/26,"1,218.39",-4.04,-0.3305%
783,2016/01/25,"1,222.43",2.81,0.2304%
784,2016/01/24,"1,219.62",7.30,0.6022%
785,2016/01/21,"1,212.32",-1.25,-0.1%
786,2016/01/20,"1,213.57",-0.14,-0.0115%
787,2016/01/19,"1,213.71",-0.60,-0.05%
788,2016/01/18,"1,214.31",2.31,0.1906%
789,2016/01/17,"1,209.67",19.51,1.6393%
790,2016/01/14,"1,190.16",9.18,0.7773%
791,2016/01/13,"1,180.98",7.38,0.6288%
792,2016/01/12,"1,173.60",4.79,0.4098%
793,2016/01/11,"1,168.81",1.63,0.1397%
794,2016/01/10,"1,167.18",3.04,0.2611%
795,2016/01/07,"1,164.14",14.25,1.24%
796,2016/01/06,"1,149.89",3.12,0.2721%
797,2016/01/05,"1,146.77",-7.85,-0.6799%
798,2016/01/04,"1,154.62",-6.22,-0.5358%
799,2016/01/03,"1,160.84",9.46,0.82%
800,2015/12/31,"1,151.38",9.21,0.8064%
801,2015/12/29,"1,142.17",10.22,0.9%
802,2015/12/28,"1,131.95",-3.52,-0.31%
803,2015/12/27,"1,135.47",-1.56,-0.14%
804,2015/12/24,"1,137.03",3.69,0.3256%
805,2015/12/23,"1,133.34",-4.84,-0.43%
806,2015/12/22,"1,138.18",6.66,0.5886%
807,2015/12/21,"1,131.52",12.57,1.1234%
808,2015/12/20,"1,118.95",8.27,0.74%
809,2015/12/17,"1,110.68",-5.51,-0.49%
810,2015/12/16,"1,116.19",-4.83,-0.4309%
811,2015/12/15,"1,121.02",0.84,0.075%
812,2015/12/14,"1,120.18",1.61,0.1439%
813,2015/12/13,"1,118.57",-0.78,-0.0697%
814,2015/12/10,"1,119.35",-3.44,-0.3064%
815,2015/12/09,"1,122.79",15.56,1.4053%
816,2015/12/08,"1,107.23",-0.71,-0.0641%
817,2015/12/07,"1,107.94",5.10,0.4624%
818,2015/12/06,"1,102.84",29.90,2.7867%
819,2015/12/03,"1,072.94",10.16,0.96%
820,2015/12/02,"1,062.78",-3.60,-0.3376%
821,2015/12/01,"1,066.38",32.26,3.12%
822,2015/11/30,"1,034.12",11.35,1.1097%
823,2015/11/29,"1,022.77",-21.24,-2.0345%
824,2015/11/26,"1,044.01",-12.41,-1.1747%
825,2015/11/25,"1,056.42",-10.27,-0.9628%
826,2015/11/24,"1,066.69",-9.11,-0.8468%
827,2015/11/23,"1,075.80",4.42,0.4126%
828,2015/11/22,"1,071.38",-23.19,-2.1186%
829,2015/11/19,"1,094.57",-4.68,-0.4257%
830,2015/11/18,"1,099.25",5.07,0.4634%
831,2015/11/16,"1,094.18",-5.91,-0.54%
832,2015/11/15,"1,100.09",-9.20,-0.8294%
833,2015/11/10,"1,109.29",1.86,0.168%
834,2015/11/09,"1,107.43",20.86,1.9198%
835,2015/11/08,"1,086.57",-4.11,-0.3768%
836,2015/11/05,"1,090.68",-1.62,-0.1483%
837,2015/11/04,"1,092.30",6.43,0.5922%
838,2015/11/03,"1,086.20",-5.63,-0.5156%
839,2015/11/02,"1,091.83",3.53,0.3244%
840,2015/11/01,"1,088.30",-3.74,-0.3425%
841,2015/10/29,"1,092.04",7.67,0.7073%
842,2015/10/28,"1,084.37",-7.36,-0.6742%
843,2015/10/27,"1,091.73",-29.32,-2.6154%
844,2015/10/25,"1,121.05",-6.37,-0.565%
845,2015/10/19,"1,127.42",7.59,0.6778%
846,2015/10/18,"1,119.83",-14.64,-1.2905%
847,2015/10/15,"1,134.47",-0.62,-0.0546%
848,2015/10/14,"1,135.09",-8.79,-0.7684%
849,2015/10/11,"1,143.88",-18.18,-1.5645%
850,2015/10/08,"1,162.06",12.61,1.0971%
851,2015/10/07,"1,149.45",-9.34,-0.806%
852,2015/10/06,"1,158.79",-12.48,-1.0655%
853,2015/10/05,"1,171.27",-12.21,-1.0317%
854,2015/10/04,"1,183.48",4.74,0.4021%
855,2015/10/01,"1,178.74",-2.54,-0.22%
856,2015/09/30,"1,181.28",11.98,1.0245%
857,2015/09/29,"1,169.30",9.21,0.7939%
858,2015/09/28,"1,160.09",-16.77,-1.425%
859,2015/09/24,"1,176.86",-6.50,-0.5493%
860,2015/09/23,"1,183.36",27.28,2.3597%
861,2015/09/22,"1,156.08",-39.94,-3.34%
862,2015/09/17,"1,196.02",-6.79,-0.5645%
863,2015/09/16,"1,202.81",-3.03,-0.2513%
864,2015/09/15,"1,205.84",11.73,0.9823%
865,2015/09/14,"1,194.11",10.18,0.8598%
866,2015/09/13,"1,183.93",15.22,1.3023%
867,2015/09/10,"1,168.71",-4.45,-0.3793%
868,2015/09/09,"1,173.16",-1.53,-0.1302%
869,2015/09/08,"1,174.69",3.72,0.3177%
870,2015/09/07,"1,170.97",4.28,0.3669%
871,2015/09/06,"1,166.69",-2.71,-0.2317%
872,2015/09/03,"1,169.40",-6.86,-0.5832%
873,2015/09/02,"1,176.26",-15.08,-1.2658%
874,2015/09/01,"1,191.34",-8.81,-0.73%
875,2015/08/31,"1,200.15",16.39,1.3846%
876,2015/08/27,"1,183.76",8.19,0.6967%
877,2015/08/26,"1,175.57",-5.84,-0.4943%
878,2015/08/25,"1,181.41",-0.34,-0.0288%
879,2015/08/24,"1,181.75",-2.92,-0.2465%
880,2015/08/23,"1,184.67",-16.25,-1.3531%
881,2015/08/20,"1,200.92",9.00,0.7551%
882,2015/08/19,"1,191.92",31.99,2.7579%
883,2015/08/18,"1,159.93",2.33,0.2013%
884,2015/08/17,"1,157.60",45.55,4.096%
885,2015/08/16,"1,112.05",23.63,2.171%
886,2015/08/13,"1,088.42",11.23,1.0425%
887,2015/08/12,"1,077.19",-0.59,-0.0547%
888,2015/08/11,"1,077.78",-3.58,-0.3311%
889,2015/08/10,"1,081.36",17.95,1.688%
890,2015/08/09,"1,063.41",23.05,2.22%
891,2015/08/06,"1,040.36",6.34,0.61%
892,2015/08/04,"1,029.92",-0.48,-0.05%
893,2015/08/03,"1,030.40",-3.74,-0.3617%
894,2015/07/30,"1,027.98",6.65,0.65%
895,2015/07/29,"1,021.33",-6.81,-0.6624%
896,2015/07/28,"1,028.14",-18.26,-1.745%
897,2015/07/27,"1,046.40",-7.55,-0.72%
898,2015/07/26,"1,053.95",50.57,5.04%
899,2015/07/23,"1,003.38",40.11,4.16%
900,2015/07/22,963.27,2.04,0.2122%
901,2015/07/16,961.23,10.51,1.11%
902,2015/07/15,950.72,4.26,0.45%
903,2015/07/14,946.46,2.46,0.26%
904,2015/07/13,944.00,-0.96,-0.1016%
905,2015/07/12,944.96,1.53,0.16%
906,2015/07/09,943.43,0.27,0.0286%
907,2015/07/08,943.16,1.80,0.1912%
908,2015/07/07,941.36,4.60,0.49%
909,2015/07/06,936.76,-1.26,-0.1343%
910,2015/07/05,938.02,-0.94,-0.1%
911,2015/07/02,938.96,-6.82,-0.7211%
912,2015/07/01,945.78,-3.35,-0.353%
913,2015/06/30,949.13,2.80,0.2959%
914,2015/06/29,946.33,8.33,0.8881%
915,2015/06/28,938.00,7.62,0.819%
916,2015/06/25,930.38,2.25,0.2424%
917,2015/06/24,928.13,2.04,0.2203%
918,2015/06/23,926.09,3.62,0.3924%
919,2015/06/22,922.47,4.50,0.49%
920,2015/06/21,917.97,-6.63,-0.72%
921,2015/06/18,924.60,-3.25,-0.3503%
922,2015/06/17,927.85,-2.85,-0.3062%
923,2015/06/16,930.70,-3.03,-0.32%
924,2015/06/15,933.73,5.38,0.58%
925,2015/06/14,928.35,-9.61,-1.02%
926,2015/06/11,937.96,-17.70,-1.85%
927,2015/06/10,955.66,-10.93,-1.13%
928,2015/06/09,966.59,21.10,2.23%
929,2015/06/08,945.49,14.32,1.54%
930,2015/06/07,931.17,4.33,0.47%
931,2015/06/04,926.84,1.35,0.15%
932,2015/06/02,901.98,11.55,1.3%
933,2015/06/01,890.43,18.49,2.1206%
934,2015/05/31,871.94,29.98,3.5607%
935,2015/05/28,841.96,4.13,0.49%
936,2015/05/27,837.83,-22.14,-2.5745%
937,2015/05/26,859.97,-20.56,-2.335%
938,2015/05/25,880.53,-29.29,-3.22%
939,2015/05/24,909.82,-28.37,-3.0239%
940,2015/04/23,938.19,-3.83,-0.4066%
941,2015/04/22,942.02,-3.10,-0.33%
942,2015/04/21,945.12,0.14,0.01%
943,2015/04/20,944.98,-0.72,-0.08%
944,2015/04/19,945.70,-4.22,-0.44%
945,2015/04/16,949.92,5.79,0.61%
946,2015/04/15,944.13,-4.23,-0.45%
947,2015/04/13,948.36,-3.67,-0.39%
948,2015/04/12,952.03,5.14,0.54%
949,2015/04/09,946.89,4.74,0.5%
950,2015/04/08,942.15,6.62,0.71%
951,2015/04/07,935.53,-2.59,-0.28%
952,2015/04/06,938.12,3.87,0.41%
953,2015/04/05,934.25,-5.84,-0.62%
954,2015/04/02,940.09,0.55,0.06%
955,2015/04/01,939.54,-6.20,-0.66%
956,2015/03/31,945.74,6.64,0.71%
957,2015/03/30,939.10,-3.20,-0.34%
958,2015/03/29,942.30,-0.10,-0.01%
959,2015/03/26,942.40,-8.89,-0.93%
960,2015/03/25,951.29,-2.55,-0.27%
961,2015/03/24,953.84,-2.75,-0.29%
962,2015/03/23,956.59,-7.53,-0.78%
963,2015/03/22,964.12,-3.50,-0.36%
964,2015/03/19,967.62,3.38,0.35%
965,2015/03/18,964.24,0.78,0.08%
966,2015/03/17,963.46,4.32,0.45%
967,2015/03/16,959.14,-11.54,-1.19%
968,2015/03/15,970.68,-7.76,-0.79%
969,2015/03/12,978.44,-5.62,-0.57%
970,2015/03/11,984.06,-0.37,-0.0376%
971,2015/03/10,984.43,-4.34,-0.44%
972,2015/03/09,988.77,5.28,0.5369%
973,2015/03/04,983.49,2.07,0.2109%
974,2015/03/03,981.42,-3.43,-0.3483%
975,2015/03/02,984.85,9.18,0.9409%
976,2015/03/01,975.67,-3.60,-0.3676%
977,2015/02/26,979.27,8.65,0.8912%
978,2015/02/25,970.62,-0.15,-0.0155%
979,2015/02/24,970.77,-3.18,-0.3265%
980,2015/02/23,973.95,2.48,0.2553%
981,2015/02/22,971.47,-11.18,-1.1377%
982,2015/02/18,982.65,-4.40,-0.4458%
983,2015/02/16,987.05,-2.82,-0.2849%
984,2015/02/15,989.87,5.36,0.5444%
985,2015/02/12,984.51,3.50,0.3568%
986,2015/02/11,981.01,0.47,0.0479%
987,2015/02/10,980.54,-0.16,-0.0163%
988,2015/02/09,980.70,-5.32,-0.5395%
989,2015/02/08,986.02,1.80,0.18%
990,2015/02/05,984.22,-2.81,-0.28%
991,2015/02/04,987.03,-0.52,-0.0527%
992,2015/02/03,987.55,-3.21,-0.32%
993,2015/02/02,990.76,-0.68,-0.07%
994,2015/02/01,991.44,4.78,0.48%
995,2015/01/29,986.66,-1.41,-0.14%
996,2015/01/28,988.07,12.93,1.33%
997,2015/01/27,975.14,6.51,0.67%
998,2015/01/26,968.63,-0.42,-0.04%
999,2015/01/25,969.05,9.81,1.02%
1000,2015/01/22,959.24,-3.56,-0.37%
1001,2015/01/20,962.80,-12.65,-1.3%
1002,2015/01/19,975.45,30.09,3.18%
1003,2015/01/18,945.36,5.83,0.62%
1004,2015/01/14,939.53,2.05,0.22%
1005,2015/01/13,937.48,9.68,1.04%
1006,2015/01/12,927.80,-0.53,-0.06%
1007,2015/01/11,928.33,-2.64,-0.28%
1008,2015/01/08,930.97,6.43,0.7%
1009,2015/01/07,924.54,7.13,0.78%
1010,2015/01/06,917.41,-2.36,-0.26%
1011,2015/01/05,919.77,2.27,0.25%
1012,2015/01/04,917.50,13.82,1.53%
1013,2015/01/01,903.68,1.35,0.15%
1014,2014/12/31,902.33,-4.90,-0.54%
1015,2014/12/29,907.23,3.51,0.39%
1016,2014/12/28,903.72,15.92,1.79%
1017,2014/12/24,887.80,10.59,1.21%
1018,2014/12/23,877.21,-8.23,-0.93%
1019,2014/12/22,885.44,-11.17,-1.25%
1020,2014/12/21,896.61,-7.28,-0.81%
1021,2014/12/18,903.89,3.49,0.39%
1022,2014/12/17,900.40,-9.80,-1.08%
1023,2014/12/16,910.20,-6.54,-0.71%
1024,2014/12/15,916.74,6.73,0.74%
1025,2014/12/14,910.01,39.38,4.52%
1026,2014/12/11,870.63,15.12,1.77%
1027,2014/12/10,855.51,6.78,0.8%
1028,2014/12/09,848.73,0.32,0.04%
1029,2014/12/08,848.41,-2.47,-0.29%
1030,2014/12/07,850.88,-2.88,-0.34%
1031,2014/12/04,853.76,3.60,0.42%
1032,2014/12/03,850.16,3.75,0.44%
1033,2014/12/02,846.41,-5.02,-0.59%
1034,2014/12/01,851.43,-5.45,-0.64%
1035,2014/11/30,856.88,-6.13,-0.71%
1036,2014/11/25,863.01,-1.30,-0.15%
1037,2014/11/24,864.31,-4.84,-0.56%
1038,2014/11/23,869.15,6.65,0.77%
1039,2014/11/20,862.50,8.55,1%
1040,2014/11/19,853.95,9.89,1.17%
1041,2014/11/18,844.06,-4.12,-0.49%
1042,2014/11/17,848.18,-17.98,-2.08%
1043,2014/11/16,866.16,-14.88,-1.69%
1044,2014/11/13,881.04,-3.31,-0.37%
1045,2014/11/12,884.35,-8.17,-0.92%
1046,2014/11/11,892.52,7.78,0.88%
1047,2014/11/10,884.74,-10.67,-1.19%
1048,2014/11/09,895.41,-9.51,-1.05%
1049,2014/11/06,904.92,0.25,0.03%
1050,2014/11/05,904.67,7.21,0.8%
1051,2014/11/04,897.46,-6.57,-0.73%
1052,2014/11/03,904.03,-17.27,-1.87%
1053,2014/11/02,921.30,-8.91,-0.96%
1054,2014/10/30,930.21,-2.87,-0.31%
1055,2014/10/28,934.13,-0.88,-0.09%
1056,2014/10/27,935.01,4.68,0.5%
1057,2014/10/26,930.33,1.34,0.14%
1058,2014/10/22,928.99,4.65,0.5%
1059,2014/10/21,924.34,-1.16,-0.13%
1060,2014/10/20,925.50,-0.35,-0.04%
1061,2014/10/19,925.85,2.26,0.24%
1062,2014/10/16,923.59,0.47,0.05%
1063,2014/10/15,923.12,11.28,1.24%
1064,2014/10/14,911.84,3.01,0.33%
1065,2014/10/13,910.35,-4.69,-0.51%
1066,2014/10/12,915.04,-6.84,-0.74%
1067,2014/10/09,921.88,-3.33,-0.36%
1068,2014/10/08,925.21,-12.78,-1.36%
1069,2014/09/30,937.99,0.68,0.07%
1070,2014/09/29,937.31,20.68,2.26%
1071,2014/09/28,916.63,4.31,0.47%
1072,2014/09/24,912.32,16.31,1.82%
1073,2014/09/23,896.01,14.14,1.6%
1074,2014/09/22,881.87,-1.64,-0.19%
1075,2014/09/21,883.51,-16.38,-1.82%
1076,2014/09/18,899.89,-13.53,-1.48%
1077,2014/09/17,913.42,-6.46,-0.7%
1078,2014/09/16,919.88,10.49,1.15%
1079,2014/09/15,909.39,7.24,0.8%
1080,2014/09/14,902.15,-8.50,-0.93%
1081,2014/09/11,910.65,0.03,0%
1082,2014/09/10,910.62,-9.44,-1.03%
1083,2014/09/09,920.06,44.50,5.08%
1084,2014/09/07,875.56,-46.13,-5%
1085,2014/09/04,921.69,-12.27,-1.31%
1086,2014/09/03,933.96,-12.64,-1.34%
1087,2014/09/01,946.60,-6.00,-0.63%
1088,2014/08/31,952.60,-19.57,-2.01%
1089,2014/08/28,972.17,11.74,1.22%
1090,2014/08/27,960.43,38.57,4.18%
1091,2014/08/26,921.86,-25.98,-2.74%
1092,2014/08/25,947.84,-37.61,-3.82%
1093,2014/08/24,985.45,-12.68,-1.27%
1094,2014/08/21,997.12,1.41,0.14%
1095,2014/08/20,995.71,-17.91,-1.77%
1096,2014/08/19,"1,013.62",0.37,0.04%
1097,2014/08/18,"1,013.25",-21.14,-2.04%
1098,2014/08/14,"1,034.39",8.18,0.8%
1099,2014/08/13,"1,026.21",4.35,0.43%
1100,2014/08/12,"1,021.86",18.73,1.8%
1101,2014/08/07,"1,040.59",0.63,0.06%
1102,2014/08/06,"1,041.22",3.52,0.34%
1103,2014/08/05,"1,044.74",5.71,0.55%
1104,2014/08/04,"1,039.03",17.40,1.65%
1105,2014/08/03,"1,056.43",9.66,0.91%
1106,2014/07/31,"1,066.09",3.65,0.3435%
1107,2014/07/30,"1,062.44",-10.38,-0.9675%
1108,2014/07/28,"1,072.82",-1.11,-0.1034%
1109,2014/07/27,"1,073.93",-5.16,-0.4782%
1110,2014/07/24,"1,079.09",-2.42,-0.2238%
1111,2014/07/23,"1,081.51",3.86,0.3582%
1112,2014/07/22,"1,077.65",-5.90,-0.5445%
1113,2014/07/21,"1,083.55",8.58,0.7982%
1114,2014/07/20,"1,074.97",29.08,2.7804%
1115,2014/07/17,"1,045.89",9.78,0.9439%
1116,2014/07/16,"1,036.11",10.42,1.0159%
1117,2014/07/15,"1,025.69",-3.25,-0.3159%
1118,2014/07/14,"1,028.94",-8.04,-0.7753%
1119,2014/07/13,"1,036.98",13.51,1.32%
1120,2014/07/10,"1,023.47",0.00,0%
1121,2014/07/09,"1,016.50",1.83,0.1804%
1122,2014/07/08,"1,014.67",19.48,1.9574%
1123,2014/07/07,995.19,8.85,0.8973%
1124,2014/07/06,986.34,13.49,1.3867%
1125,2014/07/03,972.85,0.00,0%
1126,2014/07/02,972.48,15.88,1.6601%
1127,2014/07/01,956.60,10.78,1.1398%
1128,2014/06/30,945.82,2.34,0.248%
1129,2014/06/29,943.48,7.17,0.7658%
1130,2014/06/26,937.05,13.48,1.4596%
1131,2014/06/25,932.19,8.62,0.9333%
1132,2014/06/24,923.55,5.97,0.6506%
1133,2014/06/23,917.58,-8.92,-0.9628%
1134,2014/06/19,926.50,-5.72,-0.0004%
1135,2014/06/18,932.22,-3.27,-0.3495%
1136,2014/06/17,935.49,-3.36,-0.3577%
1137,2014/06/16,938.85,11.29,1.2168%
1138,2014/06/15,927.56,28.03,2.5367%
1139,2014/06/12,904.61,5.08,-0.0002%
1140,2014/06/11,899.53,4.51,0.5042%
1141,2014/06/10,895.02,9.81,1.1084%
1142,2014/06/09,885.21,2.05,0.2265%
1143,2014/06/08,883.21,0.27,0.4412%
1144,2014/06/05,879.33,-3.61,0.0001%
1145,2014/06/04,882.94,-1.76,-0.1987%
1146,2014/06/03,884.70,4.53,0.5145%
1147,2014/06/02,880.17,10.99,1.2648%
1148,2014/06/01,869.18,2.61,0.3014%
1149,2014/05/30,866.57,9.38,0.0001%
1150,2014/05/28,866.57,9.38,0.0001%
1151,2014/05/27,856.52,-4.08,-0.4736%
1152,2014/05/26,860.60,0.00,-0.4736%
1153,2014/05/25,861.47,9.41,1.1045%
1154,2014/05/22,852.06,3.59,0.4235%
1155,2014/05/21,848.47,4.05,0.4792%
1156,2014/05/20,844.42,-0.07,-0.0079%
1157,2014/05/19,844.49,-5.18,-0.6091%
1158,2014/05/18,849.67,-3.53,-0.4141%
1159,2014/05/15,853.20,1.14,0.1333%
1160,2014/05/13,852.06,-0.62,-0.0729%
1161,2014/05/12,852.68,3.05,0.3594%
1162,2014/05/11,849.63,-7.13,-0.8319%
1163,2014/05/08,856.76,-9.49,-1.0951%
1164,2014/05/07,866.25,4.75,0.5517%
1165,2014/05/06,861.50,14.72,1.73%
1166,2014/05/05,861.50,14.72,1.74%
1167,2014/05/04,830.71,7.47,0.9%
1168,2014/04/30,823.24,6.99,0.86%
1169,2014/04/29,816.25,2.09,0.26%
1170,2014/04/28,814.16,-4.46,-0.54%
1171,2014/04/27,818.62,-1.76,-0.21%
1172,2014/04/23,820.38,4.91,0.6%
1173,2014/04/22,815.47,7.38,0.91%
1174,2014/04/21,808.09,-0.36,-0.04%
1175,2014/04/20,808.45,-2.67,-0.33%
1176,2014/04/17,811.12,-0.34,-0.04%
1177,2014/04/16,811.46,-7.12,-0.87%
1178,2014/04/15,818.58,0.93,0.11%
1179,2014/04/13,817.65,6.29,0.77%
1180,2014/04/10,811.34,9.62,1.2%
1181,2014/04/09,801.72,5.79,0.73%
1182,2014/04/07,795.93,-1.42,-0.18%
1183,2014/04/06,797.35,-3.23,-0.4%
1184,2014/04/03,800.58,-2.38,-0.3%
1185,2014/04/02,802.96,1.97,0.24%
1186,2014/04/01,800.99,8.80,1.11%
1187,2014/03/31,792.19,9.04,1.15%
1188,2014/03/27,783.15,2.13,0.27%
1189,2014/03/26,781.02,0.53,0.07%
1190,2014/03/25,780.49,-2.27,-0.29%
1191,2014/03/24,782.76,8.00,1.03%
1192,2014/03/23,774.76,-0.52,-0.07%
1193,2014/03/20,775.28,10.37,1.36%
1194,2014/03/19,764.91,9.92,1.31%
1195,2014/03/18,754.99,-13.55,-1.76%
1196,2014/03/17,768.54,-14.54,-1.86%
1197,2014/03/13,783.08,2.57,0.32%
1198,2014/03/12,780.51,-7.48,-0.94%
1199,2014/03/11,787.99,-5.58,-0.7%
1200,2014/03/10,793.57,-2.93,-0.37%
1201,2014/03/09,796.50,-9.15,-1.13%
1202,2014/03/06,805.65,-4.82,-0.6%
1203,2014/03/05,810.47,10.42,1.3%
1204,2014/03/04,800.05,-10.99,-1.36%
1205,2014/03/03,811.04,-14.66,-1.78%
1206,2014/02/26,825.70,-3.74,-0.45%
1207,2014/02/25,829.44,-0.45,-0.05%
1208,2014/02/24,829.89,-1.97,-0.24%
1209,2014/02/23,831.86,9.19,1.11%
1210,2014/02/20,822.67,8.11,1%
1211,2014/02/18,814.56,10.83,1.34%
1212,2014/02/17,803.73,2.41,0.3%
1213,2014/02/16,801.32,-1.78,-0.22%
1214,2014/02/13,803.10,4.77,0.6%
1215,2014/02/12,798.33,1.78,0.22%
1216,2014/02/11,796.55,-6.58,-0.82%
1217,2014/02/10,803.13,19.13,2.44%
1218,2014/02/09,784.00,-1.78,-0.23%
1219,2014/02/06,785.78,4.40,0.56%
1220,2014/02/05,781.38,6.47,0.83%
1221,2014/02/04,774.91,5.40,0.7%
1222,2014/02/03,769.51,-6.41,-0.83%
1223,2014/02/02,775.92,-5.54,-0.7%
